<?xml version="1.0" encoding="UTF-8"?>
<project-private xmlns="http://www.netbeans.org/ns/project-private/1">
    <editor-bookmarks xmlns="http://www.netbeans.org/ns/editor-bookmarks/2" lastBookmarkId="0"/>
    <open-files xmlns="http://www.netbeans.org/ns/projectui-open-files/2">
        <group>
            <file>file:/home/brenno/Downloads/drive-download-20190826T154707Z-001/TrabalhoPOO2(1)/TrabalhoPOO2/src/principal/Main.java</file>
            <file>file:/home/brenno/Downloads/drive-download-20190826T154707Z-001/TrabalhoPOO2(1)/TrabalhoPOO2/src/objetos/Cliente.java</file>
            <file>file:/home/brenno/Downloads/drive-download-20190826T154707Z-001/TrabalhoPOO2(1)/TrabalhoPOO2/src/objetos/Usuario.java</file>
            <file>file:/home/brenno/Downloads/drive-download-20190826T154707Z-001/TrabalhoPOO2(1)/TrabalhoPOO2/src/objetos/Carro.java</file>
        </group>
    </open-files>
</project-private>
