<?xml version="1.0" encoding="UTF-8"?>
<project-private xmlns="http://www.netbeans.org/ns/project-private/1">
    <editor-bookmarks xmlns="http://www.netbeans.org/ns/editor-bookmarks/2" lastBookmarkId="0"/>
    <open-files xmlns="http://www.netbeans.org/ns/projectui-open-files/2">
        <group>
            <file>file:/home/brenno/NetBeansProjects/AtNielson/src/concreto/Pessoa1.java</file>
            <file>file:/home/brenno/NetBeansProjects/AtNielson/src/principal/Principal.java</file>
            <file>file:/home/brenno/NetBeansProjects/AtNielson/src/concreto/Funcionario2.java</file>
            <file>file:/home/brenno/NetBeansProjects/AtNielson/src/concreto/Construcao3.java</file>
            <file>file:/home/brenno/NetBeansProjects/AtNielson/src/concreto/Funcionario1.java</file>
            <file>file:/home/brenno/NetBeansProjects/AtNielson/src/concreto/Pessoa2.java</file>
            <file>file:/home/brenno/NetBeansProjects/AtNielson/src/abstrato/Pessoa.java</file>
            <file>file:/home/brenno/NetBeansProjects/AtNielson/src/concreto/Funcionario3.java</file>
            <file>file:/home/brenno/NetBeansProjects/AtNielson/src/concreto/Construcao2.java</file>
            <file>file:/home/brenno/NetBeansProjects/AtNielson/src/abstrato/Funcionario.java</file>
            <file>file:/home/brenno/NetBeansProjects/AtNielson/src/concreto/Pessoa3.java</file>
            <file>file:/home/brenno/NetBeansProjects/AtNielson/src/abstrato/Construcao.java</file>
            <file>file:/home/brenno/NetBeansProjects/AtNielson/src/concreto/Construcao1.java</file>
        </group>
    </open-files>
</project-private>
